Question,Answer
"I just lost my job in Nairobi and I am terrified. My parents in upcountry are expecting money for my siblings' school fees and I am the only breadwinner. I can't tell them I was fired. The pressure of this black tax is suffocating me and I feel like a complete failure.","The burden of being the sole provider for your family, often called the 'black tax', is an immense and culturally heavy weight in Kenya. Losing your job is already traumatic, but the added expectation from home makes it feel suffocating. It is vital to recognize that your worth is not tied solely to your financial provision. You are dealing with systemic economic issues, not personal failure. While the cultural expectation to provide is strong, your mental survival comes first. Consider finding a trusted sibling or relative who can mediate or help gently break the news to your parents. You cannot pour from an empty cup; you must give yourself permission to grieve the job loss without the guilt of disappointing your family."
"I've been in university for almost six years because of constant lecturer strikes and HELB loan delays. I see my peers advancing and I feel completely stuck in this broken education system. I am so depressed and feel like my youth is wasting away.","The frustration of having your life delayed by systemic issues like university strikes and HELB delays is a profoundly valid trauma shared by many Kenyan students. It creates a deep sense of 'time anxiety' and feeling left behind. Please understand that this delay is a failure of the system, not a failure of your potential or intelligence. The timeline of success in Kenya is rarely linear. Acknowledge your grief over the lost time, but try to detach your self-worth from academic timelines. Focus on small, actionable skills or community connections outside the university structure that give you a sense of agency while you wait out the institutional delays."
"I tried telling my parents that I am struggling with severe anxiety and depression, but they just told me to pray about it and that mental health is a 'white people disease'. I feel so invalidated and completely alone in my own home.","Navigating mental health within traditional African family dynamics is incredibly difficult. For many older generations in Kenya, psychological struggles are misunderstood and often dismissed as spiritual weakness or a lack of resilience. Their reaction is a reflection of their generational conditioning, not a reflection of your reality. Your anxiety and depression are real, medical, and valid. You do not need their validation for your pain to be real. Shift your focus from trying to make them understand, to finding a chosen support system—peers, online communities, or modern counselors who understand the intersection of African culture and mental health."
"The cost of living in Nairobi is killing me. I hustle from morning to evening, sometimes taking two matatus just to get to a gig that pays peanuts. I am exhausted, barely surviving, and I feel like I'm drowning no matter how hard I work.","The economic reality of surviving in Nairobi right now is inducing mass burnout. You are participating in a hustle culture that romanticizes exhaustion while wages fail to meet the basic cost of living. This chronic financial stress keeps your nervous system in a constant state of 'fight or flight', which is why you feel like you are drowning. It is crucial to validate that you are working incredibly hard in an economy that is working against you. Practice radical self-compassion. Seek out spaces where you don't have to perform or spend money to exist, and lean on community sharing (like pooling resources with friends) to ease the individual burden. Rest is not a luxury; it is necessary for your survival."
"Everyone on my timeline looks like they are living their best life in Kilimani or Westlands, starting businesses, and making it. Meanwhile, I am struggling in my small bedsitter just to buy tokens. The social media pressure in this city is making me feel so worthless.","The pressure to project success in Nairobi's hyper-competitive social media landscape is a significant driver of anxiety and depression among youth. What you see online is a heavily curated highlight reel, often detached from reality. Comparing your daily struggles in a bedsitter to the polished avatars of others is an unfair psychological trap. Remember that many people projecting wealth are also secretly struggling with debt and anxiety. Protect your mental space by ruthlessly curating your social media feed. Unfollow accounts that trigger feelings of inadequacy, and root yourself in authentic, offline friendships where vulnerability is valued over performance. Your reality is valid, and you are not falling behind."
"I failed two subjects and my parents are so disappointed; I feel like I’ve let them down. Nimepata results na nilifaili subjects mbili, mama na baba wananipiga stress. What should I do?","First, breathe and remember that a setback does not define your whole future. In Kenya we often say \"Maji yakimwagwa hayakufui\" – a small spill does not drown the river. Talk openly with your parents; explain the challenges you faced and the plan you have for a resit or alternative course. They may be upset at first, but most parents value honesty and will support you when they see your commitment.\n\nConsider reaching out to the university’s counseling centre or a trusted lecturer for academic advice. Set a realistic study schedule, join a study group, and give yourself short breaks to recharge. Many successful Kenyans have failed exams before they succeeded – your resilience now will shape your story."

"I got a HELB loan but the money still hasn't arrived and tuition is due next week. I'm panicking, anyone else felt this?","It’s completely understandable to feel anxious when the deadline looms and the funds are stuck. HELB processing can sometimes be delayed due to bureaucratic backlogs, especially after exam season. First, contact the HELB office—call the helpline, send a polite email, and visit the nearest branch if possible; keep a record of all communications.\n\nMeanwhile, explore short‑term options: ask the university’s finance office if they can grant a brief deferment, or see if a trusted relative can give a small bridge loan. Remember to keep your mental health in check—practice deep breathing or a quick walk around campus to calm the nervous system. Most students eventually receive their funds; staying proactive will reduce the stress."

"I'm working part‑time at a bar to pay for my studies, but the shifts are late and I’m exhausted. I can’t focus on my assignments. How can I manage?","Balancing work and study is a common challenge for many Kenyan students, especially those from humble backgrounds. Your body and mind need rest to absorb new information, so start by mapping out a realistic weekly schedule: allocate specific hours for work, study, and essential sleep. If possible, talk to your employer about adjusting your shift times during exam periods; many bar owners understand the importance of education and may be flexible.\n\nPrioritise self‑care in small ways: a nutritious breakfast (ugali with sukuma wiki), short power‑naps, and staying hydrated can boost concentration. Also, use campus resources like the library’s quiet zones for focused study. Remember, you’re investing in a future that will eventually ease the need for such long hours."

"My roommate keeps blasting music late at night while I’m trying to study for finals. I don’t want to cause drama but I can’t concentrate. Any advice?","Living with a roommate can be tricky, especially when study time clashes with personal habits. Approach the conversation with respect and a touch of humor—say something like, \"Hey, can we keep the volume low after 10 pm? I’ve got finals and my brain needs quiet.\" Framing it as a shared solution rather than a complaint often reduces tension.\n\nIf direct talk doesn’t work, consider practical compromises: use earplugs, study in the library, or set a ‘quiet hours’ schedule together. You could also suggest a playlist that’s soothing for both of you. Maintaining harmony in the room will help both of you feel comfortable and focused."

"I feel like everyone else got scholarships and I’m the only one struggling to pay for uni. I’m starting to doubt my worth. What can I do?","Seeing peers with scholarships can trigger feelings of inadequacy, but remember that each person’s journey is unique. In Kenyan culture, we say \"Usiwe na macho ya mbuzi\"—don’t compare yourself to others’ goats. Your value isn’t measured by financial aid but by your determination, character, and the effort you put into learning.\n\nSeek out other sources of support: many universities have bursary programmes, student clubs, or part‑time opportunities that can ease the burden. Talk to the financial aid office about any emergency funds or payment plans. Meanwhile, focus on building skills—lead a project, volunteer, or excel in a subject—to strengthen your CV. Your perseverance now will open doors later."

"I’m a first‑year student from a rural area and I’m struggling to fit in with the city campus culture. I feel isolated and homesick. How can I cope?","Transitioning from a rural setting to a bustling city campus can feel overwhelming, and homesickness is a natural response. Give yourself permission to miss home while also embracing new experiences. Join student groups that celebrate your background—many campuses have cultural societies where you can meet fellow students from similar regions and share stories over a cup of chai.\n\nCreate a routine that includes a reminder of home, like cooking a simple ugali or listening to your favorite benga songs. Reach out to a mentor or counselor for support; they can help you navigate social dynamics and suggest activities that align with your interests. Over time, you’ll build a new community while keeping the roots that shaped you."

"My dad is sick and I have to help at home, but I also have upcoming exams. I don’t know how to juggle both responsibilities. Any suggestions?","Balancing family duties with academic pressure is a heavy load, and it shows your deep sense of responsibility. Communicate openly with your lecturers about your situation; many will offer extensions or alternative assessment arrangements if they understand your circumstances. Also, discuss with your family the possibility of sharing caregiving tasks among siblings or relatives, even if it’s just for a few hours a day.\n\nPrioritise tasks using a simple list: urgent family matters first, then study blocks for high‑impact topics. Use short, focused study sessions (the Pomodoro technique) to maximise efficiency. Remember to carve out brief moments for self‑care—deep breaths, a walk, or a quick call to a friend—to maintain your mental stamina during this challenging period."

"I’ve been procrastinating a lot and now the exam week is here. I’m terrified of failing and losing my HELB loan. What can I do to get back on track?","Procrastination often stems from fear of failure, but the good news is that you can still turn things around with focused effort. Start by breaking each subject into small, manageable tasks—read one chapter, solve five questions, then take a five‑minute break. This “bite‑size” approach reduces overwhelm and builds momentum.\n\nCreate a realistic study timetable for the remaining days, prioritising topics that carry the most weight in your exams. Seek help from classmates, tutors, or the university’s peer‑learning centres to clarify tough concepts quickly. Staying disciplined now will protect your HELB loan eligibility, as most loans consider academic progress. Trust in your ability to recover; many students have rebounded from similar situations."

"I heard rumors that HELB might cut off loans for students with low GPA. I’m scared my grades will affect my funding. What should I know?","It’s natural to feel anxious when you hear unsettling rumors about funding. Officially, HELB’s policy ties loan eligibility to academic performance, but there are clear guidelines and appeals processes. If your GPA drops, you can often submit a petition explaining extenuating circumstances—such as health issues or family emergencies—and request a grace period.\n\nStay proactive: meet with your academic advisor to discuss strategies for improving your grades, and attend any study workshops offered by the university. Keep all documentation of challenges you face, as this can support your appeal. Remember, many students have navigated GPA hurdles and retained their loans by demonstrating commitment to improvement."

"I’m feeling anxious about the upcoming graduation ceremony because I can’t afford the fees for the gown and photos. How can I still celebrate this milestone?","Graduation is a significant rite of passage, and it’s understandable to feel sad about missing parts of the celebration due to cost. First, check if your university offers any subsidies or payment plans for graduation fees; sometimes the alumni office has funds reserved for students in need. You can also ask senior classmates or student unions if there’s a communal fund or a “graduation pool” to help cover expenses.\n\nIf those options aren’t available, consider low‑cost alternatives: borrow a gown from a friend, ask a family member to take photos with a smartphone, or organise a small gathering at home with close relatives to mark the achievement. The true value of your graduation lies in the knowledge you’ve earned and the future you’re stepping into—celebrate that with pride, regardless of the material trappings."
"I just graduated from university and I've been sending CVs for months, but no reply. I feel like I'm stuck in a loop. What should I do?","It’s completely understandable to feel frustrated when your applications seem to disappear into a void. In Kenya, especially in Nairobi’s competitive job market, the process can feel like a marathon without a clear finish line. First, give yourself permission to acknowledge the disappointment – it’s okay to feel upset. Then, consider tweaking your approach: attend career fairs at your university, join professional groups on LinkedIn and local platforms like iHub, and ask mentors or alumni for informational interviews. Small steps like tailoring each CV to the job description and following up with a polite email can increase visibility. Remember, every silence is not a reflection of your worth but a signal to adjust your strategy." 
"I see my friends landing jobs in Nairobi while I’m still jobless, and my parents keep asking when I’ll start earning. How can I cope?","Feeling the pressure from family and peers is a heavy burden, especially when the city’s hustle makes success look instant. Acknowledge that your path is unique and that comparison often steals joy. Set a realistic daily routine: allocate specific hours for job searching, skill‑building, and self‑care – even a short walk in Uhuru Park can clear the mind. Share your feelings with a trusted friend or a mentor; opening up reduces the stigma and can bring new ideas. Remind your parents that the job market is tight right now and that you’re actively working on it; a brief, honest conversation can ease their worries while you continue the hunt." 
"I’ve applied for internships but most companies say they need experience. How can I break this chicken‑and‑egg cycle?","The ‘experience‑required’ loop is a common hurdle in Nairobi, but there are creative ways to build a portfolio without formal internships. Volunteer with NGOs, community projects, or start a small freelance gig that showcases your skills – for example, help a local market vendor redesign their social media. Document your work on a simple website or a Behance page; tangible results speak louder than any job title. Reach out to alumni networks and ask for short‑term project collaborations; even a few weeks of real‑world work can become the experience employers crave." 
"Every day I walk past the same corporate buildings and wonder why they don’t see me. The city feels overwhelming. Any advice?","Nairobi’s skyline can indeed feel intimidating, but remember that many recruiters also feel the pressure to fill positions quickly, which sometimes leads them to overlook fresh talent. Turn the city’s energy into your ally: attend open‑house events, networking meet‑ups at places like Nairobi Garage, and use the “informational interview” approach – politely ask a professional how they got started and what advice they have. Showing genuine curiosity often opens doors that a cold CV cannot. Meanwhile, practice mindfulness techniques – a few deep breaths while waiting for a matatu can ground you and keep the anxiety at bay." 
"I have some skills in graphic design but no connections. I feel invisible in the Nairobi job market. How can I showcase myself?","Visibility often starts with creating a small, intentional online presence. Share your designs on Instagram using hashtags like #KenyanDesigners and #NairobiCreatives, and tag local businesses that might need a fresh look. Offer to redesign a logo for a street vendor or a community event for free; the exposure and word‑of‑mouth can lead to paid gigs. Join local design groups on Facebook or WhatsApp, where members regularly post freelance opportunities. Each completed piece becomes a portfolio piece and a conversation starter, gradually turning invisibility into recognition." 
"My dad says I should just ‘do any job’ to make ends meet, but I want a career I love. I’m torn between practicality and passion. What should I do?","Balancing family expectations with personal dreams is a classic Kenyan dilemma, and both sides have valid points. Consider a hybrid approach: take a part‑time or short‑term job that provides steady income while you invest evenings in building skills related to your passion. Explain to your dad that this strategy lets you contribute financially without abandoning your long‑term goal. In Kenyan culture, showing responsibility often earns respect, and once you demonstrate progress, families become more supportive of your chosen path." 
"I keep hearing about the gig economy and freelancing but I don’t know where to start. Is it safe for a young Kenyan?","The gig economy can be a viable stepping stone, especially in Nairobi where platforms like Upwork, Fiverr, and local sites such as Kuhustle connect freelancers with clients worldwide. Start by creating a clear profile that highlights your strengths and sets realistic rates. Protect yourself by using platform escrow services and by signing simple contracts that outline deliverables and payment terms. Begin with small projects to build a reputation, and gradually increase your rates as you gain positive reviews. This way, you earn while you learn, and you maintain control over your schedule." 
"I feel ashamed to tell my friends I’m unemployed. I fear being judged. How can I talk about it without stigma?","Stigma around unemployment is strong, but opening up can actually reduce its power over you. Choose a trusted friend or a sibling and share your experience using “I” statements – for example, “I’ve been looking for work and it’s been tough, but I’m learning new skills each day.” Framing the conversation around effort and growth shifts the focus from failure to perseverance. You might discover that others have faced similar challenges, turning the talk into a supportive network rather than a judgmental arena." 
"I see a lot of my peers moving abroad for work and I feel left behind here. Should I consider going overseas?","Migration is a tempting option, but it’s important to weigh both the opportunities and the sacrifices. Working abroad can provide higher salaries and exposure, yet it also means leaving behind family, community, and the cultural nuances that shape who you are. If you decide to explore overseas options, start by researching reputable programs, scholarships, or diaspora networks that support Kenyan professionals. Meanwhile, keep building local experience – many Kenyan companies now value international exposure, so a future move could be a strategic step rather than an escape." 
"The cost of living in Nairobi keeps rising and my savings are low. The pressure is killing me. How can I stay hopeful?","Rising living costs add a heavy layer of stress, but hope can be nurtured through small, intentional actions. Create a simple budget that tracks essential expenses and identifies areas where you can save, even if it’s just a few shillings a day. Look for community resources – public libraries, free workshops at NGOs, or skill‑share groups that can help you upskill without spending money. Celebrate each tiny win, whether it’s landing a short‑term gig or completing an online certification. Over time, these incremental steps build momentum and remind you that progress, however modest, is still progress."
"I feel like I'm stuck in a dead‑end job where my boss yells at me and I'm barely paid. How do I cope?","It’s painful when the workplace feels more like a battlefield than a place of growth. First, acknowledge that your feelings are valid – no one should endure constant yelling or chronic underpayment. Try to create a small sanctuary for yourself after work: a walk by the matatu stop, a chat with a trusted friend, or a few minutes of kufurahia your favorite song. Over time, these moments can replenish your spirit while you explore other opportunities, whether that means upskilling online, networking at local meet‑ups, or quietly updating your CV. Remember, your worth isn’t defined by a boss who refuses to see it."

"Mimi ni fresh graduate, na work at a call centre, they keep cutting my shift pay and say 'hustle more'. I feel used.","Kuchukua kazi bila kulipa haki ni aina ya kutukufu. It’s okay to feel angry – you’ve just started your career and deserve respect. Document the pay cuts, and if possible, speak calmly to your supervisor about the discrepancy; sometimes a simple clarification can help. Meanwhile, look for short courses on platforms like e‑Learning for Africa that can boost your skill set, giving you leverage for a better role. Your health and dignity matter more than any slogan that glorifies endless hustle."

"My coworker spreads rumors, and I fear losing my only source of income. What can I do?","Gossip can feel like a silent poison, especially when your livelihood hangs in the balance. Start by keeping a record of any false statements and how they affect your work; this evidence can be useful if you need to involve HR or a trusted manager. If you feel safe, consider having a calm one‑on‑one conversation with the coworker, using “I” statements (“I feel unsettled when I hear…”) to defuse tension. Seek support from a colleague you trust, and remember that building a network outside work – church groups, sports clubs, or online forums – can provide emotional backup and future job leads."

"I keep working overtime without extra pay, and my family says I should be grateful. How to set boundaries?","Being told to be grateful can make you doubt your own needs, but your time and energy are finite resources. Kenyan labour law states that overtime should be compensated; gently remind your employer of this, perhaps by sharing the relevant clause in a respectful email. Set a clear cut‑off time for work each day and communicate it to your team – you can say, “I’ll be offline after 6 pm to recharge for tomorrow.” Your family will notice the positive change in your mood and health, and they’ll eventually understand that gratitude doesn’t mean sacrificing your wellbeing."

"I feel guilty taking a break because my boss says 'no time for rest' and I think I'm letting my team down.","Feeling guilty is a common trap when a boss equates productivity with nonstop work. However, research shows that short breaks actually boost efficiency and reduce errors, which benefits the whole team. Try the “Pomodoro” technique: 25 minutes of focused work followed by a 5‑minute pause. Share this method with your teammates; framing it as a collective productivity hack can shift the narrative from laziness to smart work."

"My salary hasn't increased in 2 years, but cost of living is rising. How can I negotiate without risking my job?","Approaching a salary discussion can be daunting, but preparation builds confidence. Gather data on market rates for your role in Nairobi or other Kenyan cities, and list your concrete achievements over the past two years. Request a private meeting, express appreciation for the opportunities you’ve had, and then present your case calmly, linking your contributions to the company’s goals. Even if the answer is “not now,” ask for a clear roadmap – a timeline or specific targets that could lead to a raise later."

"I'm juggling multiple gigs to make ends meet, but I'm exhausted. How can I protect my mental health?","Balancing several jobs is a testament to your resilience, yet chronic exhaustion erodes both body and mind. Prioritize sleep and nutrition first; even a short 20‑minute nap between gigs can restore alertness. Set realistic limits: decide which gig brings the most stability or joy and consider scaling back the others. Reach out to community groups, like youth mentorship circles or mental‑health hotlines, for emotional support and perhaps advice on more sustainable income streams."

"My manager praises me publicly but criticizes me harshly in private. It’s making me doubt myself.","Public praise can feel good, but private harshness can chip away at confidence. Remember that feedback, even when poorly delivered, can still contain useful nuggets; try to separate the message from the messenger’s tone. If you feel safe, ask for a private meeting and say, “I value your guidance, and I’d appreciate if we could discuss areas for improvement in a constructive way.” Seeking a mentor within the organization or a trusted colleague can also provide balanced perspectives and reinforce your self‑worth."

"I'm a woman in a male‑dominated workplace, and I'm paid less than my male peers. How do I address this?","Gender pay gaps are a real challenge in many Kenyan firms, and feeling undervalued is painful. Document your responsibilities, achievements, and the salary differences you’ve observed. Request a meeting with HR or your supervisor, presenting your case factually and emphasizing how equitable pay aligns with the company’s values and performance. Additionally, connect with women’s professional networks, such as the Kenya Women Engineers Association, for mentorship and collective advocacy."

"I feel like the hustle culture tells me I must always be grinding, but I'm burning out. How can I find balance?","The “hustle till you drop” narrative can be intoxicating, especially when peers celebrate nonstop work. Yet sustainable success rests on balance: allocate time for family meals, church, or a hobby like playing benga music; these moments recharge your spirit. Set a weekly “off‑grid” day where you disconnect from work messages, and communicate this boundary to your team as part of self‑care. By modeling balance, you not only protect your mental health but also demonstrate to others that productivity and wellbeing can coexist.")
"Hey fam, my siblings keep asking for money to pay school fees and rent. I feel like I have to give because of the black tax, but I'm struggling to cover my own expenses. How do I set boundaries without feeling like I'm letting them down?","It’s completely understandable to feel torn; the concept of black tax is deeply rooted in our communal values where we see each other’s success as a family achievement. Remember that caring for yourself is not selfish—it’s the foundation that allows you to keep giving sustainably. Start by having an open, respectful conversation with your siblings, explaining your own financial limits and setting a realistic amount you can consistently support. You can also explore joint budgeting or suggest they look for part‑time work or scholarships. By communicating clearly, you honor both your wellbeing and your family’s needs, and you model healthy financial habits for them."
"Ma familia from upcountry keep sending me WhatsApp messages asking for cash for everything—from school fees to boda‑boda repairs. I love them but the pressure is crushing. What can I do to manage these expectations?","Your love for your upcountry relatives is a beautiful expression of Ubuntu, yet the constant requests can feel overwhelming, especially when you’re trying to build your own stability. It helps to set a regular, modest contribution schedule—maybe a fixed amount each month—that you can afford, and communicate that this is the maximum you can give. Encourage them to explore community savings groups (chamas) or micro‑finance options that can provide additional support. By establishing clear expectations, you protect your mental peace while still showing you care."
"As the firstborn, I always feel like the family’s pillar. Everyone looks to me for financial help and emotional support, and I’m scared I’ll let them down if I say no. How can I cope with this pressure?","Being the firstborn often comes with the unspoken title of “mkuu” or the family’s backbone, and that can be both an honor and a heavy mantle. Acknowledge the pride in your role, but also recognize that true strength includes knowing your limits. Schedule regular self‑care time—whether it’s a walk in the park, a quiet prayer, or a hobby—to recharge. Share your feelings with a trusted elder or sibling; they may not realize the weight you carry. By setting gentle boundaries, you model resilience and teach the next generation that caring for oneself is essential to caring for the family."
"I want to focus on my career and maybe start a business, but my relatives keep reminding me that I should prioritize sending money home. How can I balance my personal ambitions with family expectations?","Your aspirations are valid and vital for your personal growth, and they can eventually benefit your family in bigger ways. Try framing your goals as a long‑term investment for your loved ones—explain that building a stable business or advancing in your career will increase your capacity to support them later. Propose a short‑term plan: allocate a modest portion of your income now, while setting milestones for your professional development. Open dialogue, backed by a clear plan, can help relatives see that your success is not a betrayal but a pathway to greater, sustainable support."
"I feel guilty every time I can’t send money to my parents for the hospital bills. They say I’m not doing enough, and I start doubting myself. What can I do to stop the guilt?","Guilt often signals that you care deeply, but it can become harmful when it ignores your own limits. Acknowledge the love and responsibility you feel, then remind yourself of the practical realities of your income. Consider setting up a realistic contribution amount—perhaps a fixed percentage of what you earn—so you can plan without surprise. Communicate this plan clearly to your parents, emphasizing that you’re committed to helping within your means. By establishing a transparent arrangement, you reduce the space for guilt and create a more sustainable support system."
"My aunt keeps asking me to pay for my cousin’s wedding dowry, saying it’s my duty as the eldest. I’m already stretched thin. How should I handle this without causing family tension?","Dowry (mahari) is a significant cultural rite, and being asked to contribute can feel like an obligation tied to your birth order. It’s okay to express that you’re currently unable to meet that financial request. Offer alternative ways to help—perhaps by assisting with wedding planning, helping with decorations, or contributing a smaller amount that fits your budget. By showing willingness to support in other meaningful ways, you respect the tradition while protecting your own financial health, and you demonstrate that contribution isn’t only measured in cash."
"I’m constantly anxious because I’m the go‑to person for my family’s emotional problems, on top of the financial stress. How can I protect my mental health while still being there for them?","Carrying both emotional and financial responsibilities can feel like carrying a heavy load on your shoulders. Prioritize setting aside personal time each day—even just 15 minutes—to breathe, pray, or practice mindfulness; this creates a mental buffer. Consider seeking a supportive peer group or a counselor (many services now offer virtual sessions) where you can vent without judgment. When family members come to you with problems, gently guide them to also seek professional help or community resources, so the support network expands beyond you. Protecting your mental space enables you to be a steadier, healthier pillar for them."
"I sometimes feel resentment towards my younger siblings who don’t contribute financially, yet I’m always the one sending money. How can I manage these feelings?","Feeling resentment is a natural response when the give‑and‑take feels unbalanced, especially in a culture that values collective responsibility. Start by acknowledging the emotion without judgment—recognize that it’s okay to feel upset. Then, have a calm conversation with your siblings about shared responsibilities, perhaps suggesting they take on small, consistent contributions or other forms of support like helping with chores or caregiving. Encouraging them to develop their own financial independence can alleviate the pressure on you and foster a more equitable family dynamic."
"I’m burning out from constantly juggling work, school fees for my cousins, and family expectations. What steps can I take to prevent complete burnout?","Burnout creeps in when we ignore our own limits for too long. Begin by mapping out all your commitments on paper, then identify which ones are non‑negotiable and which can be reduced or delegated. Set realistic boundaries—perhaps limit financial aid to a fixed amount per month and communicate this clearly. Incorporate regular self‑care rituals, like a weekly walk, a hobby, or a quiet time for prayer, to replenish your energy. If possible, involve other family members in decision‑making so the load is shared. Remember, sustaining yourself is essential for sustaining the support you give."
"My relatives keep comparing me to my cousin who seems to have it all—good job, house, and can send money home easily. I feel inadequate and stressed. How do I stop these comparisons?","Comparisons can be painful, especially when they ignore the unique paths each of us walks. Remind yourself that success isn’t a one‑size‑fit‑all journey; your cousin’s circumstances may include factors you don’t see, such as different opportunities or support systems. Focus on your own progress—celebrate the milestones you’ve achieved, no matter how small. Share your feelings with a trusted friend or mentor who can provide perspective, and consider limiting exposure to social media or conversations that trigger these comparisons. By centering on your personal growth, you reduce stress and nurture a healthier self‑view."
"Every time I scroll through Instagram I see my friends in Kilimani posting about fancy brunches, new cars and designer outfits. I’m still living in my small house in Dagoretti and feel like I’m falling behind. Why do I feel so inadequate?","It’s completely natural to feel a pang of envy when the highlight reel of others looks brighter than our own day‑to‑day. In Kenya, especially in fast‑growing areas like Kilimani, social media often amplifies success and material symbols, making us forget the quiet strengths we already have—family support, resilience, and the values that shaped us. Try setting a “digital pause” for a few hours each day and write down three things you appreciate about your life right now, no matter how small. Over time, this practice helps re‑anchor your self‑worth in lived experiences rather than filtered posts." 
"All my friends keep posting about parties in Westlands, and I get serious FOMO while I’m just at home studying for my exams. I feel guilty for not joining them. What can I do?","Feeling the pull of FOMO is common, especially when the buzz of Westlands nightlife is everywhere online. Remember that every Kenyan’s path is unique; your education is an investment that will pay off in ways you might not see today. Give yourself permission to say “no” without guilt—schedule specific study blocks and, after you finish, reward yourself with a low‑key activity you enjoy, like a walk at Uhuru Park or a cup of chai with a friend. By honoring your own priorities, you’ll gradually reduce the anxiety that comes from comparing your present to others’ party snapshots." 
"My sister just posted a perfect selfie from a rooftop bar and everyone’s commenting how lit it is. I feel like my life is boring. How do I stop comparing?","Social media often showcases the most polished moments, and it’s easy to feel your own life is less exciting in comparison. In our Kenyan culture, community and storytelling are valued—think about the moments that truly bring you joy: a Sunday lunch with family, a chat with a neighbor, or a sunrise over the Nairobi skyline. When a comparison urge arises, gently redirect your focus to these authentic experiences and maybe share them in a way that feels true to you. Authenticity resonates more deeply than perfection, and over time you’ll notice less pressure to match every glossy post." 
"I see influencers living the ‘hustle’ life, making money fast, while I’m still working part‑time at a cafe. I feel like a failure. Is this normal?","Seeing influencers flaunt rapid success can make anyone question their own pace, especially in a bustling city like Nairobi where hustle culture is celebrated. But remember, many of those stories are curated and omit the setbacks behind the scenes. Your part‑time job is teaching you valuable skills—customer service, time management, and perseverance—that are foundations for future growth. Celebrate each small win, set realistic personal goals, and consider a “gratitude journal” where you note daily achievements. This shifts focus from external benchmarks to your own steady progress." 
"My friends keep posting about new jobs and promotions, while I’m still looking for work. The comparison makes me anxious. How can I cope?","Job hunting can be stressful, and seeing peers celebrate new roles can amplify that anxiety. In Kenyan society, community support is strong—don’t hesitate to reach out to friends or family for advice, referrals, or even a listening ear. Allocate specific times for job applications and, in between, engage in activities that recharge you, like a quick run at Karura Forest or a session of taarab music. By balancing action with self‑care, you reduce the mental clutter that fuels comparison and keep your motivation steady." 
"I feel pressure to post perfect pictures to fit in with my online tribe from Kilimani. When I don’t get likes, I feel worthless. How do I handle this?","Likes can feel like validation, but they’re a fleeting metric that doesn’t define your value. Kenyan culture teaches us that worth is rooted in relationships, respect, and contribution to the community—not in virtual applause. Try experimenting with posting content that reflects your true interests—maybe a photo of your favorite street food or a short video sharing a proverb you love. Notice how genuine engagement, even if smaller, often feels more fulfilling. Over time, you’ll find confidence in being authentic rather than chasing numbers." 
"I’m constantly checking WhatsApp status updates and see my friends traveling abroad. I’m stuck here and feel left out. What should I think?","Travel stories can spark excitement, but they can also make us feel anchored to our current spot. Kenya is rich with its own wonders—think of a weekend at the Great Rift Valley, a hike up Mount Kenya, or a cultural visit to the Maasai Mara. When you feel that pang of being “stuck,” channel that energy into planning a local adventure that fits your budget. Remember, each person’s journey unfolds at its own rhythm; your growth and experiences are equally valuable, even if they look different from abroad." 
"I get anxious when I see my friends’ stories about weekend trips to Mombasa while I can’t afford it. I feel like I’m missing out on life. Any advice?","Seeing weekend getaways can trigger the feeling of missing out, especially when finances are tight. It helps to reframe the narrative: life isn’t a race of ticking off destinations, but a series of meaningful moments. Explore affordable local spots—like a picnic at Nairobi National Park or a sunset at Ngong Hills. Sharing these experiences with friends can be just as enriching. By focusing on what you can do now, you reduce anxiety and cultivate a sense of contentment that isn’t tied to expensive trips." 
"My cousin posted a video of his new gym routine, and I feel lazy because I haven’t been exercising. I feel like I’m falling behind. How can I be kinder to myself?","Fitness journeys are personal, and social media often highlights only the peak moments. In Kenya, community activities like dancing to benga music or playing football in the compound are great ways to stay active without the pressure of a gym. Set a small, realistic goal—maybe a 15‑minute walk around your neighborhood or a few push‑ups each morning. Celebrate those wins, and remind yourself that consistency, not intensity, builds lasting health. Compassion toward yourself fuels motivation more than criticism." 
"I notice that every time I post something, the likes are low compared to others. It makes me doubt my worth. How can I stop tying my self‑esteem to social media?","Linking self‑esteem to likes is a common trap, especially when the online scene feels competitive. Kenyan wisdom reminds us, “Mtu ni mwanadamu, si mtandao,” meaning a person’s value isn’t measured by the internet. Start by setting boundaries: limit scrolling time, mute accounts that trigger negative feelings, and curate your feed with uplifting content—perhaps local art, motivational Swahili proverbs, or stories of community heroes. Focus on offline connections—spending time with family, friends, or mentors—where genuine appreciation thrives. Over time, your sense of self will become rooted in real relationships rather than digital metrics."
"Mama keeps saying I'm just 'thinking too much' and that I should pray more, but I feel like I'm sinking into anxiety. How can I talk to her without causing a fight?","I hear you – it’s painful when the people we love think our pain is just a lack of faith. In Kenya many families view mental distress through a spiritual lens, so framing your experience in a way that respects that worldview can help. You might say, “Mama, I love how prayer supports us, and I also feel my heart is heavy; a counsellor can give me tools to pray with a clearer mind.” Share a short story of a respected elder or a local public figure who has spoken about mental health; this shows that seeking help is not a sign of weakness but of wisdom. Keep the tone gentle, use “tuko pamoja” (we’re together) to reinforce that you’re still on the same team."

"My dad says therapy is for ‘crazy people’ and that I should just ‘man up’. I’m scared to tell him I need help. What can I do?","Your dad’s reaction is rooted in generational ideas about strength and self‑reliance that many Kenyan dads hold. A useful approach is to connect mental health to concepts he values, like physical health. You could say, “Baba, just like we go to the doctor when we have a fever, a counsellor can help when my mind feels unwell.” Mention that the Kenyan Ministry of Health now recognises mental health as part of overall wellness, and that many professionals are Kenyan and understand our culture. If direct conversation feels too risky, write a short note or share a short video of a Kenyan doctor talking about stress; sometimes the message lands better when it’s not spoken face‑to‑face."

"My sister thinks I’m just being dramatic and says I should ‘chill out’. I feel isolated at home. How can I get support without turning my family against me?","It hurts when even siblings don’t see the depth of what you’re feeling. In many Kenyan households, “chill out” is a shorthand for “don’t make a big deal out of it,” but you can gently expand their view. Invite your sister to join you for a short walk or a cup of chai and share how you’ve felt lately, using simple language: “I’ve been feeling really low, and it’s affecting my studies.” Sometimes framing it as a temporary challenge rather than a permanent flaw helps. If she’s still skeptical, look for a trusted aunt, uncle, or church youth leader who can act as a bridge; having an elder validate your experience can shift the family’s perception."

"People in my community call me ‘crazy’ when I talk about feeling sad. My parents think I’m just seeking attention. How can I protect my self‑esteem?","Being labeled “crazy” (or “mzee wa wazimu”) can sting deeply, especially when it comes from people you know. Remember that the word reflects their fear and misunderstanding, not your reality. Ground yourself in the knowledge that mental health challenges are common and treatable. You might practice an affirmation in Swahili, such as “Niko na thamani, na ninastahili upendo,” reminding yourself of your worth. If possible, find a safe space—perhaps a school club, a church youth group, or an online Kenyan forum—where you can share without judgment. Over time, as you model self‑care, some community members may begin to see mental health in a new light."

"I want to see a counsellor, but my parents will think it means I’m ‘weak’. How can I ask for help without being judged?","It’s understandable to worry about being seen as weak; in Kenyan culture, resilience is prized. One way to re‑frame the request is to link it to performance and future goals. You could say, “Mama, I want to do well in university and I think a counsellor can help me manage stress so I can focus better.” Emphasise that you’re seeking tools to be more productive, not that you’re broken. If your parents still resist, consider starting with a school counsellor or a youth‑friendly clinic that offers short, confidential sessions; you can share the appointment details later to show it’s a normal part of caring for yourself."

"My family prefers traditional healers for any health issue. I’m unsure if I should go to a healer or a psychologist for my depression. What’s the best path?","Kenyan families often trust traditional healers (waganga) because they share cultural language and spiritual insight. There’s no need to see this as an either/or choice. Many people combine both approaches—seeing a counsellor for evidence‑based strategies while also visiting a trusted healer for spiritual support. You could discuss with your parents, “I respect our traditions, and I also want to learn ways to manage my thoughts that a counsellor can teach.” If you choose both, ensure the healer knows you’re also getting professional help, so the two can complement rather than conflict. This blended approach respects heritage while giving you the tools you need."

"My extended family keeps gossiping about my ‘mental issues’ and it makes me feel ashamed. How can I set boundaries while staying respectful?","Family gossip (kijanja) can feel like a heavy burden, especially when it spreads stigma. In Kenya, respect for elders is paramount, but you also have a right to protect your wellbeing. One gentle strategy is to address the rumor directly with the key relative: “Ndugu, I’ve heard some things being said, and I want you to know I’m seeking help because I care about my health.” By acknowledging the concern and stating your plan, you shift the narrative from “problem” to “solution.” If the chatter continues, you can politely limit the topics you discuss with them, saying, “I prefer not to talk about my health right now; let’s focus on other things.” Consistency over time signals that you’re serious about your boundaries."

"The school counsellor offered me a session, but my parents think it’s unnecessary. They say school should only teach academics. How can I convince them?","Education in Kenya is often equated with academic achievement, yet mental wellbeing is the foundation for learning. You could explain to your parents that the counsellor’s role is to help you concentrate better, manage exam stress, and improve grades—goals they already value. Phrase it like, “If I can handle my stress, I’ll perform better in my exams and bring pride to the family.” Highlight that many Kenyan schools now have counsellors as part of the curriculum, endorsed by the Ministry of Education. Offering a brief, joint meeting with the counsellor can also demystify the process and show that it’s a professional, confidential service."

"I feel guilty for wanting personal time to heal, but my parents expect me to help with chores and family duties. How can I balance respect and self‑care?","Balancing filial duties (kazi ya familia) with self‑care is a common struggle. In many Kenyan homes, contributing to the household is a sign of love, yet neglecting your mental health can eventually reduce your ability to help. Try negotiating a small, realistic schedule: “Nitaweza kushughulikia chores after I’ve taken a 30‑minute break for my wellbeing.” Explain that short rest periods actually boost productivity and mood, allowing you to be more present when you do help.
"I just broke up with my boyfriend after 2 years, and now I feel so alone in Nairobi. Everyone seems busy, and I don’t know how to cope.","It’s completely natural to feel a deep sense of loss, especially in a bustling city like Nairobi where the noise can amplify the quiet inside you. Allow yourself the space to grieve without pressure to “move on” quickly—lean on trusted friends, consider joining a local hobby group or a church choir, and give your heart permission to heal at its own pace. Remember, loneliness is a signal that you need connection, not a flaw in you." 
"My friends keep setting me up on dates, but I feel scared after my last relationship ended badly. How can I trust again?","Your past hurts are valid, and it’s okay to set a gentle pace for yourself. Start by acknowledging the fear without judging it, and share your boundaries with friends so they understand you’re not ready for a rushed match. When you do meet someone, focus on building trust step‑by‑step—small gestures, open communication, and giving yourself permission to walk away if something feels off." 
"I’m a guy and I feel pressure to always pay for dates. It makes me anxious and I think it affects how I’m seen. What should I do?","In many Kenyan circles, the “paying” norm is tied to notions of masculinity, but modern relationships are moving toward shared responsibility. Communicate openly with your date about splitting the bill or taking turns; you’ll often find they appreciate the honesty and see you as respectful rather than cheap. Remember, your worth isn’t measured by the size of your wallet but by the kindness and integrity you bring into the relationship." 
"My family keeps asking when I’ll get married, but I’m still healing from a past trauma. How can I set boundaries without disrespecting them?","Family expectations are strong in Kenyan culture, yet your wellbeing must come first. You can politely acknowledge their love—say something like, “I appreciate how much you care, and I’m focusing on healing right now”—which affirms respect while asserting your need for space. Over time, consistent boundaries teach loved ones that your healing journey is essential for any future partnership." 
"I met someone on a dating app, but they ghosted me after a week. I feel rejected and wonder if I’m not enough.","Being ghosted feels like a sudden cut, but it reflects more on the other person’s readiness than on your value. Remind yourself of the qualities that attracted you in the first place, and consider it a filtering process that protects you from deeper disappointment. Keep your profile authentic, stay open to new connections, and trust that the right person will respect your time and feelings." 
"I’m a LGBTQ+ person and dating in Nairobi feels unsafe. I’m dealing with loneliness and fear. Any advice?","Your safety and emotional health are paramount. Seek out supportive spaces—online groups like “Kenya LGBTQ+ Connect,” local NGOs such as GALCK, or discreet meet‑ups in coffee shops—where you can meet people who share your experience. Remember, you deserve love and companionship just like anyone else; building a trusted circle can gradually ease the loneliness while keeping you protected." 
"My partner is always busy with work, and we barely see each other. I feel lonely even though we’re together. How can I handle this?","Balancing demanding jobs with relationship needs is a common Nairobi challenge, but quality often outweighs quantity. Communicate your feelings without blame—suggest short, intentional moments like a morning coffee together or a weekly “date night” that’s scheduled in both calendars. If the pattern persists, reflect on whether the partnership aligns with your emotional needs and discuss possible adjustments together." 
"I grew up in a rural area and moved to Nairobi for university. I don’t know how to meet people who share my values. Any tips?","University campuses are melting pots of cultures; join clubs or societies that resonate with your interests—be it a Kikuyu cultural group, a community service club, or a poetry circle. Attending matatu rides to campus events or volunteering at local NGOs can also connect you with like‑minded peers who appreciate both urban and rural perspectives." 
"After a toxic relationship, I keep having flashbacks when I’m on dates. How can I stay present and enjoy the moment?","Trauma can surface as intrusive memories, but grounding techniques help anchor you in the now—focus on the feel of your feet on the floor, the taste of your tea, or repeat a calming phrase in Swahili like “Safi sana.” If flashbacks become overwhelming, consider brief check‑ins with a therapist who understands Kenyan relational dynamics, and remind yourself that each new date is a fresh canvas, not a repeat of the past." 
"I’m 23 and my friends are all in relationships, but I’m still single. I feel like I’m falling behind. How can I stop comparing myself?","In Kenya, societal timelines often pressure us to “settle down,” but every person’s journey unfolds uniquely. Celebrate your independence—use this time to invest in personal growth, career goals, or passions that fulfill you. When you shift focus from what you lack to what you’re cultivating, the comparison loses its power, and you’ll attract relationships that align with your authentic self."
"I just lost my dad last week and everyone keeps telling me to stay strong and not to cry in front of the family. How am I supposed to handle my grief while respecting our customs?","I’m so sorry for your loss. In many Kenyan families, especially in more traditional settings, showing strength is seen as protecting the family’s dignity, but that does not mean you have to hide your pain. It is okay to let tears flow in a safe space—perhaps with a trusted sibling, a close friend, or a counsellor—while still honouring the public expectation of composure. Remember that grief is a personal journey; you can honour your father by sharing stories of him later, when you feel ready, and the community will understand that mourning looks different for each person."

"My sister passed away and my relatives expect me to attend the funeral tomorrow even though I'm still in shock. I feel like I can't function. What should I do?","It is completely natural to feel numb after such a sudden loss. Attending the funeral is a way of showing respect and giving the family a chance to say goodbye together, but you do not have to be “functioning” perfectly. Allow yourself to sit quietly, hold a hand, or simply be present; the act of being there is already a powerful tribute. If you need a moment to step aside, let a trusted relative know you need a few minutes to breathe—you will still be fulfilling your cultural duty while caring for your own wellbeing."

"In my community, we have to observe a 40‑day mourning period, but my friends keep inviting me out. I feel guilty for wanting some normalcy. How can I balance this?","The 40‑day period, known as “maisha ya upendo,” is meant to give you space to process loss, yet it also recognises that life continues. It is acceptable to accept invitations that feel gentle and supportive—perhaps a short walk or a quiet coffee—while still observing the core rituals at home. Communicate openly with your friends: tell them you appreciate their company but need moments of rest, and they will likely respect the balance you are trying to maintain."

"My mother always said we shouldn't talk about the dead, but I'm haunted by memories and can't stop thinking about my late aunt. Is it okay to talk about her?","Yes, it is okay to keep her memory alive. While some families view speaking of the departed as inviting sadness, many Kenyan traditions also celebrate ancestors through stories, songs, and prayers. Sharing a favourite memory of your aunt with a sibling or at a family gathering can be a healing way to honour her, and it often brings comfort to others who miss her too."

"I’m a university student in Nairobi and my roommate keeps playing loud music after my brother’s death. I feel disrespected but don’t want to cause drama. How can I address it?","First, acknowledge that your grief is valid and that you deserve a peaceful environment to heal. Approach your roommate calmly, perhaps saying, “I’m going through a tough time right now and need a quieter space; could we lower the volume for a while?” Most people will understand when you frame the request as a temporary need rather than a criticism. If the noise continues, consider speaking with a resident advisor who can mediate while respecting both your cultural mourning and the shared living space."

"My family wants me to perform the traditional Kikuyu rites for my grandmother, but I'm not sure I believe in them anymore. I'm torn between faith and tradition.","Rituals like the Kikuyu rites serve both spiritual and communal purposes, offering a sense of closure for the family. You can honour your grandmother by participating in the core elements—such as the gathering, the prayers, and the sharing of food—while adapting parts that feel uncomfortable for you. Explain gently to your family that you want to respect her memory and the community, even if your personal beliefs have shifted; most relatives appreciate sincerity over strict adherence."

"I’m a gay man and my partner died. My family is already unsupportive of our relationship, and now they’re ignoring my grief. What can I do to cope?","Your loss is profound, and it is painful when the people who should support you turn away. Seek out chosen family—friends, LGBTQ+ support groups, or counselling services—who can validate both your love and your grief. In Kenya, there are safe spaces like the Gay and Lesbian Coalition of Kenya (GALCK) where you can share your story, find rituals that honour your partner, and receive the compassion you deserve."

"My boss expects me to be fully productive even though I'm in the mourning period. I’m scared of losing my job. How can I navigate this?","Kenyan labour law does allow for compassionate leave, and many workplaces respect cultural mourning periods. Have a private conversation with your supervisor, explaining that you are grieving and may need a few days of reduced workload or flexible hours. Offer a brief plan on how you will catch up, showing commitment while protecting your mental health; most reasonable employers will accommodate a short adjustment."

"After my father's death, my younger siblings keep asking why he’s not coming home. I don’t know how to explain death to them without breaking cultural taboos.","Children often need simple, honest explanations that align with cultural values. You might say, “Baba has gone to the ancestors’ home, a place where we cannot see him but where he watches over us.” Use familiar proverbs such as “Mti haupungui tunda wake” to convey that life continues even after loss. Encourage them to share memories, draw pictures, or participate in a small ceremony, which can help them process grief in a culturally resonant way."

"I’m a single mother and my husband died. The community expects me to remarry soon, but I’m not ready. How do I set boundaries without offending them?","Your grief timeline is yours alone, and it is okay to prioritise your healing and your children’s stability. Politely thank the community for their concern and say, “I appreciate your support, but I need more time to focus on my family before considering any new relationship.” Most people will respect a clear, calm statement, especially when it is framed as caring for the wellbeing of your children, which aligns with the communal value of family welfare.
"I’m feeling so stressed because my rent went up and my salary hasn't changed. I keep thinking about how I can’t afford my groceries. What can I do?","I hear you, and it’s completely understandable to feel this pressure when the cost of living keeps climbing while your income stays the same. First, try a simple budgeting exercise: list every source of income and every expense, then look for small adjustments—maybe cooking at home more often, using matatu routes that are cheaper, or buying bulk staples at the soko. At the same time, give yourself permission to breathe and acknowledge the anxiety; practicing a few minutes of deep breathing or a short walk can calm the nervous system, making it easier to think clearly about practical steps."
"My parents keep asking me to send money home, but I have a loan from Fuliza and I’m scared of the interest. How can I manage both?","It sounds like you’re caught between the love for your family and the weight of a high‑interest debt, and that tug‑of‑war can feel overwhelming. One approach is to have an open, honest conversation with your parents about your current repayment plan and set a realistic amount you can send without jeopardising your own stability. Simultaneously, explore options to consolidate or refinance the Fuliza loan—sometimes banks or micro‑finance institutions offer lower rates if you explain your situation. Remember, taking care of your mental health is also a form of responsibility to your family; when you feel calmer, you can make better financial decisions."
"Every time I see the price of fuel go up, I panic because I use matatu daily for work. How do I stop this anxiety?","Fuel price spikes can feel like a sudden storm, especially when you rely on matatu to earn a living. Try grounding techniques: when you notice the panic rising, pause, take three slow breaths, and name three things you can see, hear, and feel right now. This brings your nervous system back to the present. On the practical side, consider car‑pooling with colleagues, using a bicycle for short trips, or planning your routes to reduce travel time. Small savings add up, and knowing you have a plan can lessen the anxiety that comes with each price announcement."
"I’m constantly worried about my student loan and the fact that my job isn’t paying enough to cover rent, food, and debt. I feel like I’m failing. Any advice?","Feeling like you’re falling short is a common reaction when debts stack up, but it doesn’t mean you’re a failure—rather, you’re navigating a tough economic reality that many Kenyans face. Start by reaching out to your loan provider; many have flexible repayment options based on income, especially for recent graduates. Meanwhile, track your spending closely and see if there are any non‑essential costs you can trim, like subscriptions or frequent outings. Also, lean on community support—talk to friends, mentors, or a trusted elder; sometimes a simple “harambee” mindset can open doors to side gigs or shared resources that ease the pressure."
"Since the cost of food keeps rising, I’ve started skipping meals to save money, but now I feel weak and anxious all the time. What should I do?","Skipping meals can fuel a cycle of physical weakness and mental anxiety, so it’s important to find a balance that keeps both your body and mind nourished. Try planning inexpensive yet nutrient‑dense meals—think beans, sukuma wiki, and ugali—which are affordable and filling. Preparing larger batches and freezing portions can also save time and money. If you’re still struggling, look into community food programs or local NGOs that offer meals or food parcels; accepting help is a sign of strength, not weakness, and will give you the energy needed to tackle other challenges."
"I keep getting messages from lenders about my Fuliza debt and it makes me panic every night. How can I stop this rumination?","The constant reminders from lenders can act like an alarm that never turns off, keeping your mind in a state of hyper‑vigilance. One helpful practice is to set a specific “worry time” each day—maybe 15 minutes in the evening—where you allow yourself to think about the debt, write down your concerns, and then close the notebook. Outside that time, gently redirect your thoughts to the present, using grounding techniques like feeling the texture of a chair or naming colors around you. Additionally, consider contacting the lender to negotiate a payment schedule; having a clear plan can reduce the frequency of intrusive messages and give you a sense of control."
"My sister is asking me to help her start a small business, but I’m already drowning in my own expenses and debts. I feel guilty saying no. What’s the right move?","Your desire to support family is a beautiful value, but it’s also essential to protect your own wellbeing first. It’s okay to set boundaries and explain that you’re currently focused on stabilizing your finances. You could still offer non‑monetary help—like sharing business ideas, helping with marketing on social media, or connecting her with a mentor—without stretching your own budget. By being honest now, you avoid future resentment and preserve the trust that will keep your relationship strong."
"The rising cost of electricity means I have to turn off lights early, and I’m constantly worried about my safety at night. How can I cope with this fear?","Living with reduced electricity can create a sense of vulnerability, especially after dark. To ease that fear, consider practical safety measures: keep a flashlight and extra batteries handy, lock doors and windows, and perhaps invest in a low‑cost solar lamp that can provide light without adding to the bill. Pair these actions with calming routines before bed—like a short meditation or listening to soothing Kenyan music—to signal to your nervous system that you’re safe. Over time, these small steps can rebuild a sense of security even when the lights are dim."
"I’ve been borrowing from Fuliza to cover daily expenses, and now the interest is piling up. I feel trapped and ashamed. How can I break this cycle?","Feeling trapped by high‑interest borrowing is a heavy burden, but acknowledging it is the first brave step toward change. Start by creating a realistic repayment plan: list the total amount owed, the interest rate, and how much you can afford to pay each month. Reach out to the provider to discuss a lower interest option or a temporary pause on new borrowing. Simultaneously, look for alternative income streams—perhaps a weekend gig, tutoring, or selling handmade crafts online. Remember, shame is a common emotion, but it doesn’t define you; seeking help and taking concrete steps shows resilience and a commitment to a healthier financial future."
"I feel anxious every time I hear news about inflation and think about my future. It’s hard to stay hopeful. Any tips to stay positive?","Inflation news can feel like a relentless wave crashing against your sense of security, and it’s natural to feel anxious about the future. Ground yourself in the present by focusing on actions you can control: keep a daily gratitude journal, noting at least one thing you’re thankful for—whether it’s a supportive friend, a meal you enjoyed, or a small savings win. Build a modest emergency fund, even if it’s just 500 KES a week; watching it grow can restore a sense of agency. Finally, connect with community groups or youth networks that share resources and encouragement; collective hope often fuels personal optimism."
"I feel torn between my family's expectations to become a doctor and my own passion for music. How do I honor both?","It’s completely normal to feel that tension, especially when you hear your mama saying ‘tiba ni kazi’ while your heart beats to the rhythm of your own songs. Take time to sit with both parts of you: acknowledge the love and pride your family feels for the medical profession, and also honor the gift of music that brings you joy. You can start a respectful conversation with your parents, sharing how music can be more than a hobby—perhaps a career in production, teaching, or even combining health and art through therapy. Many Kenyan families have found ways to blend tradition and modern dreams, and by showing them a clear plan you demonstrate responsibility while keeping your authentic self alive."

"Getting a scholarship to study abroad feels amazing, but I keep thinking I'm a fraud and that I don’t belong with my peers. What can I do?","What you’re describing is classic imposter syndrome, and it shows you care deeply about doing well. Remember that the selection panel saw something valuable in you—your talent, your hard work, and your potential to contribute to Kenya’s future. When those thoughts arise, ground yourself in concrete evidence: the grades you earned, the projects you completed, the recommendations you received. Connect with other Kenyan students abroad; sharing experiences often reveals that many feel the same way, and together you can remind each other of your rightful place. Give yourself permission to learn, make mistakes, and grow—you are exactly where you belong."

"My parents keep telling me I should get married soon, but I’m focused on building my career. How can I balance these expectations without disappointing them?","Family pressure about marriage is a common thread in many Kenyan households, where ‘kulimwa’ is seen as a sign of stability. Yet your aspirations are also valid, and Kenya’s development thrives when young people pursue education and careers. Communicate openly with your parents, sharing your short‑term goals and how they will eventually enable you to provide a stable partnership. You might propose a timeline that includes both career milestones and a future marriage plan, showing that you respect their values while staying true to your path. Often, when families see concrete progress, their worries ease, and they become allies rather than obstacles."

"I grew up in Nairobi but my roots are Maasai. I feel disconnected from both the city life and my tribal traditions. How can I find a sense of belonging?","Your feeling of being caught between urban life and Maasai heritage is a beautiful illustration of Kenya’s rich cultural tapestry. Start by learning more about Maasai customs—perhaps attend community gatherings, learn the language, or engage in traditional dances. At the same time, celebrate the Nairobi side that shaped you: the hustle, the creativity, the diverse friendships. You don’t have to choose one over the other; you can weave both identities together, creating a unique personal narrative that honors your ancestors while thriving in the modern city. Many young Kenyans find strength in this duality, using it as a bridge to connect different worlds."

"I’m gay and love a man, but my family expects me to marry a woman. I’m scared of losing my family if I come out. What should I do?","Your love is valid, and the fear you feel is understandable in a context where many families hold strong cultural and religious expectations. Safety and emotional wellbeing come first—consider seeking support from trusted friends, LGBTQ+ groups, or counselors who understand the Kenyan context. When you feel ready, you might share your truth gradually, starting with a person you trust most, and give your family time to process. Remember that change can be slow; many Kenyan families have moved from initial shock to acceptance when they see the love and honesty you bring. Whatever path you choose, protect your mental health and know that you deserve to live authentically."

"Everyone keeps saying ‘you are the future of Kenya’, and I feel immense pressure to never fail. How can I cope with this expectation?","Being labeled as ‘the future’ can feel like a heavy mantle, especially when it comes from teachers, community leaders, or even social media. It’s okay to feel overwhelmed—no one expects you to carry the nation on your shoulders alone. Break the pressure into manageable steps: set personal, realistic goals, celebrate small wins, and allow yourself rest. Share your feelings with mentors or peers; they can help reframe the narrative from “you must never fail” to “you are learning and growing.” Kenya’s progress is built on many individuals, each contributing in their own pace, and your wellbeing is essential for that collective journey."

"I scroll through Instagram and see my friends’ perfect lives—travel, new jobs, relationships. I feel like I’m not good enough. How can I stop comparing myself?","Social media often shows a highlight reel, not the whole story. It’s natural to feel a pang of inadequacy when you see curated moments, but remember that behind each post there are struggles you don’t see. Ground yourself in your own values and milestones: perhaps you’re volunteering in your community, supporting your family, or mastering a skill. Practice gratitude for what you have achieved, and set boundaries—limit scrolling time, unfollow accounts that trigger negative feelings, and follow creators who share authentic, uplifting content. By focusing on your personal growth, you reclaim your self‑worth beyond the digital façade."

"I want to start a tech startup, but my parents think I should get a stable government job. How can I pursue my dream while respecting their wishes?","Entrepreneurship is a bold path, and it’s common for parents—especially those who grew up in a more secure job market—to prioritize stability. Show them the research you’ve done: a business plan, potential market, and realistic timelines. You might propose a hybrid approach: keep a part‑time or contractual role while building your startup, demonstrating responsibility and reducing perceived risk. Many Kenyan innovators have succeeded by first gaining experience in the public sector before launching their ventures. By involving your parents in the journey—sharing updates, celebrating small milestones—you can turn their concern into support."

"My church teaches us to avoid many modern things, but I’m curious about exploring my own beliefs and lifestyle. How can I stay true to my faith while also being authentic?","Faith and personal exploration don’t have to be mutually exclusive. Many Kenyan churches encourage personal growth, even if they emphasize certain traditions. Reflect on the core values your faith provides—compassion, honesty, community—and see how they align with your modern interests. You can engage in activities that enrich you—like reading, art, or technology—while maintaining the spiritual practices that ground you. If tensions arise, consider having gentle conversations with trusted leaders or fellow congregants; often, they appreciate honest dialogue and can offer guidance that respects both your heritage and individuality."

"I moved to the US for studies, but I feel I have to act like a ‘typical’ Kenyan for my classmates, losing my true self. How can I stay authentic?","Living abroad often triggers the urge to perform a cultural stereotype, especially when you want to be understood. Remember that your authenticity is your greatest asset; sharing your real experiences—your love for ugali, your jokes in Sheng, your nuanced views—adds depth to the multicultural tapestry of your campus. You can set boundaries: be proud of your heritage, but also allow yourself to adapt naturally, not out of pressure. Connect with other Kenyan or African students; together you can create a supportive space where you can be yourself without feeling the need to over‑represent or hide any part of you."
